# Podfile

require_relative './rnDemo/node_modules/react-native/scripts/react_native_pods'

require_relative './PodHelpers'

platform :ios, '13.0'

target 'ios-study' do
  use_frameworks!

  # Pods for ios-study
  pod 'TestModule', :path => './TestModule'
  pod 'SwiftUIModule', :path => './SwiftUIModule'

  # Pods for ios-study
  pod 'React', :path => './rnDemo/node_modules/react-native/'
  pod 'React-Core', :path => './rnDemo/node_modules/react-native/'
  pod 'React-CoreModules', :path => './rnDemo/node_modules/react-native/React/CoreModules'
  pod 'React-RCTImage', :path => './rnDemo/node_modules/react-native/Libraries/Image'
  pod 'React-RCTText', :path => './rnDemo/node_modules/react-native/Libraries/Text'
  pod 'React-RCTNetwork', :path => './rnDemo/node_modules/react-native/Libraries/Network'

  pod 'React-cxxreact', :path => './rnDemo/node_modules/react-native/ReactCommon/cxxreact'
  pod 'ReactCommon/turbomodule/core', :path => "./rnDemo/node_modules/react-native/ReactCommon"
  pod 'Yoga', :path => './rnDemo/node_modules/react-native/ReactCommon/yoga'

  pod 'DoubleConversion', :podspec => './rnDemo/node_modules/react-native/third-party-podspecs/DoubleConversion.podspec'
  pod 'glog', :podspec => './rnDemo/node_modules/react-native/third-party-podspecs/glog.podspec'
#  pod 'Folly', :podspec => './rnDemo/node_modules/react-native/third-party-podspecs/Folly.podspec'
  pod 'RCT-Folly', :podspec => "./rnDemo/node_modules/react-native/third-party-podspecs/RCT-Folly.podspec"
end
